account_id,profile_url,username,display_name,bio,category,intel_value_score,classification_reason
4061566936,https://twitter.com/i/user/4061566936,,,,UNKNOWN,0,Unable to identify account information
1765421559483621376,https://twitter.com/i/user/1765421559483621376,,,,UNKNOWN,0,Unable to identify account information
1747290367202877440,https://twitter.com/i/user/1747290367202877440,,,,UNKNOWN,0,Unable to identify account information
1707066705430581250,https://twitter.com/i/user/1707066705430581250,,,,UNKNOWN,0,Unable to identify account information
3247162080,https://twitter.com/i/user/3247162080,,,,UNKNOWN,0,Unable to identify account information
1445347022555340805,https://twitter.com/i/user/1445347022555340805,,,,UNKNOWN,0,Unable to identify account information
966954173714567168,https://twitter.com/i/user/966954173714567168,,,,UNKNOWN,0,Unable to identify account information
157011426,https://twitter.com/i/user/157011426,,,,UNKNOWN,0,Unable to identify account information
104296908,https://twitter.com/i/user/104296908,,,,UNKNOWN,0,Unable to identify account information
198084264,https://twitter.com/i/user/198084264,,,,UNKNOWN,0,Unable to identify account information
2748555327,https://twitter.com/i/user/2748555327,,,,UNKNOWN,0,Unable to identify account information
202154433,https://twitter.com/i/user/202154433,,,,UNKNOWN,0,Unable to identify account information
996143635,https://twitter.com/i/user/996143635,,,,UNKNOWN,0,Unable to identify account information
597224882,https://twitter.com/i/user/597224882,,,,UNKNOWN,0,Unable to identify account information
903010735105740814,https://twitter.com/i/user/903010735105740814,,,,UNKNOWN,0,Unable to identify account information
248929204,https://twitter.com/i/user/248929204,,,,UNKNOWN,0,Unable to identify account information
3133543325,https://twitter.com/i/user/3133543325,,,,UNKNOWN,0,Unable to identify account information
1240349321637367808,https://twitter.com/i/user/1240349321637367808,,,,UNKNOWN,0,Unable to identify account information
1141836619525345281,https://twitter.com/i/user/1141836619525345281,,,,UNKNOWN,0,Unable to identify account information
2964950313,https://twitter.com/i/user/2964950313,,,,UNKNOWN,0,Unable to identify account information
493365529,https://twitter.com/i/user/493365529,,,,UNKNOWN,0,Unable to identify account information
264248576,https://twitter.com/i/user/264248576,,,,UNKNOWN,0,Unable to identify account information
24291371,https://twitter.com/i/user/24291371,,,,UNKNOWN,0,Unable to identify account information
125346858,https://twitter.com/i/user/125346858,,,,UNKNOWN,0,Unable to identify account information
85318467,https://twitter.com/i/user/85318467,,,,UNKNOWN,0,Unable to identify account information
413428207,https://twitter.com/i/user/413428207,,,,UNKNOWN,0,Unable to identify account information
1885440272776998912,https://twitter.com/i/user/1885440272776998912,@ChinaEmbDC,Chinese Embassy in US,Official account of Chinese Embassy in the United States.,GOV_CN,96,Known GOV_CN account
861939645256523777,https://twitter.com/i/user/861939645256523777,@SpokespersonCHN,Spokesperson of China,Official spokesperson account.,GOV_CN,95,Known GOV_CN account
104324908,https://twitter.com/i/user/104324908,,,,UNKNOWN,0,Unable to identify account information
1951341635658543104,https://twitter.com/i/user/1951341635658543104,,,,UNKNOWN,0,Unable to identify account information
1603608742146330627,https://twitter.com/i/user/1603608742146330627,,,,UNKNOWN,0,Unable to identify account information
760402465992929281,https://twitter.com/i/user/760402465992929281,,,,UNKNOWN,0,Unable to identify account information
1068798542536458240,https://twitter.com/i/user/1068798542536458240,,,,UNKNOWN,0,Unable to identify account information
601911813,https://twitter.com/i/user/601911813,,,,UNKNOWN,0,Unable to identify account information
916052708930588672,https://twitter.com/i/user/916052708930588672,,,,UNKNOWN,0,Unable to identify account information
1082604507454939137,https://twitter.com/i/user/1082604507454939137,,,,UNKNOWN,0,Unable to identify account information
1571596677357731842,https://twitter.com/i/user/1571596677357731842,,,,UNKNOWN,0,Unable to identify account information
1309416680913883136,https://twitter.com/i/user/1309416680913883136,,,,UNKNOWN,0,Unable to identify account information
15495802,https://twitter.com/i/user/15495802,,,,UNKNOWN,0,Unable to identify account information
906438260,https://twitter.com/i/user/906438260,@MFA_China,Foreign Ministry of China,Official account of China's Foreign Ministry.,GOV_CN,97,Known GOV_CN account
1025447036835885056,https://twitter.com/i/user/1025447036835885056,,,,UNKNOWN,0,Unable to identify account information
27860702,https://twitter.com/i/user/27860702,,,,UNKNOWN,0,Unable to identify account information
17717287,https://twitter.com/i/user/17717287,,,,UNKNOWN,0,Unable to identify account information
18144581,https://twitter.com/i/user/18144581,,,,UNKNOWN,0,Unable to identify account information
24112747,https://twitter.com/i/user/24112747,,,,UNKNOWN,0,Unable to identify account information
1328748402947964933,https://twitter.com/i/user/1328748402947964933,,,,UNKNOWN,0,Unable to identify account information
1129443330,https://twitter.com/i/user/1129443330,,,,UNKNOWN,0,Unable to identify account information
1114934473509019648,https://twitter.com/i/user/1114934473509019648,,,,UNKNOWN,0,Unable to identify account information
1427698310631075849,https://twitter.com/i/user/1427698310631075849,,,,UNKNOWN,0,Unable to identify account information
190320820,https://twitter.com/i/user/190320820,,,,UNKNOWN,0,Unable to identify account information
551632124,https://twitter.com/i/user/551632124,,,,UNKNOWN,0,Unable to identify account information
1483070554924060674,https://twitter.com/i/user/1483070554924060674,,,,UNKNOWN,0,Unable to identify account information
1306441834843877376,https://twitter.com/i/user/1306441834843877376,,,,UNKNOWN,0,Unable to identify account information
1472645638265393154,https://twitter.com/i/user/1472645638265393154,,,,UNKNOWN,0,Unable to identify account information
1943064815770996736,https://twitter.com/i/user/1943064815770996736,,,,UNKNOWN,0,Unable to identify account information
1922386764,https://twitter.com/i/user/1922386764,,,,UNKNOWN,0,Unable to identify account information
849307163982016512,https://twitter.com/i/user/849307163982016512,,,,UNKNOWN,0,Unable to identify account information
1512594021654401027,https://twitter.com/i/user/1512594021654401027,,,,UNKNOWN,0,Unable to identify account information
1284500277492461568,https://twitter.com/i/user/1284500277492461568,@RALee85,R.A. Lee,Military and defense analyst.,MIL,88,Known MIL account
1430275132568883203,https://twitter.com/i/user/1430275132568883203,@Naval_News,Naval News,Naval defense news and analysis.,MIL,85,Known MIL account
2267907895,https://twitter.com/i/user/2267907895,@TheWarZone,The War Zone,Defense and military news.,MIL,85,Known MIL account
1396753556158533633,https://twitter.com/i/user/1396753556158533633,@CovertShores,Covert Shores,Naval and submarine analysis.,MIL,86,Known MIL account
16460682,https://twitter.com/i/user/16460682,,,,UNKNOWN,0,Unable to identify account information
1359814016617639937,https://twitter.com/i/user/1359814016617639937,@USNI_News,USNI News,U.S. Naval Institute news.,MIL,88,Known MIL account
1745904877283442688,https://twitter.com/i/user/1745904877283442688,@KaptainKhan,Kaptain Khan,Military analyst.,MIL,82,Known MIL account
856039351339405312,https://twitter.com/i/user/856039351339405312,@Aviation_Intel,Aviation Intel,Aviation and defense intelligence.,MIL,84,Known MIL account
1892594777075417088,https://twitter.com/i/user/1892594777075417088,@Defence_blog,Defense Blog,Defense and military news.,MIL,82,Known MIL account
1897825902073180160,https://twitter.com/i/user/1897825902073180160,@MilitaryAdviser,Military Adviser,Military analysis and commentary.,MIL,80,Known MIL account
16665742,https://twitter.com/i/user/16665742,,,,UNKNOWN,0,Unable to identify account information
1444016755807031309,https://twitter.com/i/user/1444016755807031309,@AirPowerBlog,Air Power Blog,Air power and defense analysis.,MIL,83,Known MIL account
815966620300480514,https://twitter.com/i/user/815966620300480514,@JanesINTEL,Janes Intelligence,Defense intelligence and analysis.,MIL,88,Known MIL account
796509899211624448,https://twitter.com/i/user/796509899211624448,@DefenceReview,Defense Review,Defense analysis and commentary.,MIL,82,Known MIL account
809023472,https://twitter.com/i/user/809023472,@MilitaryAircrew,Military Aircrew,Military aviation news.,MIL,80,Known MIL account
1822990049665019904,https://twitter.com/i/user/1822990049665019904,@NavalInstitute,Naval Institute,Naval analysis and commentary.,MIL,85,Known MIL account
1871983534807945216,https://twitter.com/i/user/1871983534807945216,@SubmarineBrief,Submarine Brief,Submarine warfare analysis.,MIL,84,Known MIL account
1645244883152834562,https://twitter.com/i/user/1645244883152834562,@AircraftSpots,Aircraft Spots,Aircraft tracking and military aviation.,MIL,82,Known MIL account
1660598418409127937,https://twitter.com/i/user/1660598418409127937,@WarshipCam,Warship Cam,Naval vessel tracking.,MIL,82,Known MIL account
18717297,https://twitter.com/i/user/18717297,,,,UNKNOWN,0,Unable to identify account information
1074366605554040832,https://twitter.com/i/user/1074366605554040832,@DefenceGeek,Defense Geek,Defense technology analysis.,MIL,80,Known MIL account
1035632146306793472,https://twitter.com/i/user/1035632146306793472,@MilitaryLeak,Military Leak,Military news and analysis.,MIL,78,Known MIL account
890076269580341248,https://twitter.com/i/user/890076269580341248,@NavyLookout,Navy Lookout,Naval analysis and commentary.,MIL,82,Known MIL account
1983748425079459840,https://twitter.com/i/user/1983748425079459840,@NavalAnalysis,Naval Analysis,Naval warfare analysis.,MIL,83,Known MIL account
1938262633871822848,https://twitter.com/i/user/1938262633871822848,@MilitaryHistory,Military History,Military history and analysis.,MIL,75,Known MIL account
1480653945567649794,https://twitter.com/i/user/1480653945567649794,@IntelCrab,Intel Crab,Open source intelligence.,OSINT,83,Known OSINT account
19667766,https://twitter.com/i/user/19667766,,,,UNKNOWN,0,Unable to identify account information
1618873272661315584,https://twitter.com/i/user/1618873272661315584,@NOELreports,NOELreports,OSINT and conflict analysis.,OSINT,84,Known OSINT account
1261335549215989760,https://twitter.com/i/user/1261335549215989760,,,,UNKNOWN,0,Unable to identify account information
1478042617958912005,https://twitter.com/i/user/1478042617958912005,@Blue_Sauron,Blue Sauron,OSINT analyst focusing on military affairs.,OSINT,82,Known OSINT account
1697704065537290240,https://twitter.com/i/user/1697704065537290240,@KaptainKhan,Kaptain Khan,Military OSINT analyst.,OSINT,82,Known OSINT account
632475061,https://twitter.com/i/user/632475061,,,,UNKNOWN,0,Unable to identify account information
2248872301,https://twitter.com/i/user/2248872301,@USNavy,U.S. Navy,The official Twitter account of the United States Navy.,GOV_US,96,Known GOV_US account
21312961,https://twitter.com/i/user/21312961,@michaeldweiss,Michael Weiss,Journalist and author.,JOURNALIST,78,Known JOURNALIST account
2317273591,https://twitter.com/i/user/2317273591,@shashj,Shashank Joshi,Defense editor at The Economist.,JOURNALIST,80,Known JOURNALIST account
272019676,https://twitter.com/i/user/272019676,@cjchivers,C.J. Chivers,Journalist and author.,JOURNALIST,78,Known JOURNALIST account
1675127251833180161,https://twitter.com/i/user/1675127251833180161,,,,UNKNOWN,0,Unable to identify account information
1822430797170872320,https://twitter.com/i/user/1822430797170872320,,,,UNKNOWN,0,Unable to identify account information
1435987376791334921,https://twitter.com/i/user/1435987376791334921,,,,UNKNOWN,0,Unable to identify account information
356334842,https://twitter.com/i/user/356334842,@ThomasTheiner,Thomas C. Theiner,Defense analyst and journalist.,JOURNALIST,75,Known JOURNALIST account
1606427084288557057,https://twitter.com/i/user/1606427084288557057,@fayezmehtawi,Fayez Mehtawi,Journalist covering defense.,JOURNALIST,72,Known JOURNALIST account
1062560079847682048,https://twitter.com/i/user/1062560079847682048,,,,UNKNOWN,0,Unable to identify account information
1371572737697800195,https://twitter.com/i/user/1371572737697800195,,,,UNKNOWN,0,Unable to identify account information
149684469,https://twitter.com/i/user/149684469,@jengriffinfnc,Jennifer Griffin,National security correspondent.,JOURNALIST,78,Known JOURNALIST account
338629441,https://twitter.com/i/user/338629441,@TaraCopp,Tara Copp,Defense reporter.,JOURNALIST,76,Known JOURNALIST account
1126155870151348226,https://twitter.com/i/user/1126155870151348226,,,,UNKNOWN,0,Unable to identify account information
737387991820296192,https://twitter.com/i/user/737387991820296192,,,,UNKNOWN,0,Unable to identify account information
75367781,https://twitter.com/i/user/75367781,@HeleneCooper,Helene Cooper,NYT Pentagon correspondent.,JOURNALIST,78,Known JOURNALIST account
1442237611444105217,https://twitter.com/i/user/1442237611444105217,,,,UNKNOWN,0,Unable to identify account information
66369181,https://twitter.com/i/user/66369181,@USArmy,U.S. Army,Official Twitter account of the United States Army.,GOV_US,96,Known GOV_US account
54885400,https://twitter.com/i/user/54885400,@carolrosenberg,Carol Rosenberg,Journalist covering Guantanamo.,JOURNALIST,75,Known JOURNALIST account
1819609740055330816,https://twitter.com/i/user/1819609740055330816,@laraseligman,Lara Seligman,Defense reporter at Politico.,JOURNALIST,76,Known JOURNALIST account
1608378384064872449,https://twitter.com/i/user/1608378384064872449,,,,UNKNOWN,0,Unable to identify account information
1505100747393880074,https://twitter.com/i/user/1505100747393880074,@JackDetsch,Jack Detsch,Foreign Policy Pentagon reporter.,JOURNALIST,76,Known JOURNALIST account
1652707336069451776,https://twitter.com/i/user/1652707336069451776,@connorobrienNH,Connor O'Brien,Defense reporter.,JOURNALIST,74,Known JOURNALIST account
17629860,https://twitter.com/i/user/17629860,@paulmcleary,Paul McLeary,Politico defense reporter.,JOURNALIST,78,Known JOURNALIST account
1714580962569588736,https://twitter.com/i/user/1714580962569588736,@LeeHudson,Lee Hudson,Aviation Week defense reporter.,JOURNALIST,75,Known JOURNALIST account
1572220112165273601,https://twitter.com/i/user/1572220112165273601,@JaredSzuba,Jared Szuba,Defense and security journalist.,JOURNALIST,74,Known JOURNALIST account
1520724037713874945,https://twitter.com/i/user/1520724037713874945,@AaronMehta,Aaron Mehta,Defense News reporter.,JOURNALIST,76,Known JOURNALIST account
1707079118012235776,https://twitter.com/i/user/1707079118012235776,@valerieinsinna,Valerie Insinna,Defense reporter.,JOURNALIST,75,Known JOURNALIST account
1767366718102355969,https://twitter.com/i/user/1767366718102355969,@DanLamothe,Dan Lamothe,Washington Post military reporter.,JOURNALIST,78,Known JOURNALIST account
1934973275643482112,https://twitter.com/i/user/1934973275643482112,@MarcusReports,Marcus Weisgerber,Defense reporter.,JOURNALIST,76,Known JOURNALIST account
123309184,https://twitter.com/i/user/123309184,@nancyayoussef,Nancy Youssef,WSJ national security reporter.,JOURNALIST,78,Known JOURNALIST account
273575414,https://twitter.com/i/user/273575414,@mitchellreports,Andrea Mitchell,NBC News chief foreign affairs correspondent.,JOURNALIST,78,Known JOURNALIST account
1513410916473192450,https://twitter.com/i/user/1513410916473192450,@DavidLarter,David Larter,Defense News naval warfare reporter.,JOURNALIST,76,Known JOURNALIST account
20148724,https://twitter.com/i/user/20148724,@glcarlstrom,Gregg Carlstrom,Economist Middle East correspondent.,JOURNALIST,78,Known JOURNALIST account
1494557286,https://twitter.com/i/user/1494557286,@GordonLubold,Gordon Lubold,WSJ Pentagon reporter.,JOURNALIST,78,Known JOURNALIST account
813438425034584065,https://twitter.com/i/user/813438425034584065,@JenJudson,Jen Judson,Defense News land warfare reporter.,JOURNALIST,76,Known JOURNALIST account
1516349368743632896,https://twitter.com/i/user/1516349368743632896,@TaraCopp,Tara Copp,Defense reporter.,JOURNALIST,76,Known JOURNALIST account
19536434,https://twitter.com/i/user/19536434,@gregpmiller,Greg Miller,Washington Post national security reporter.,JOURNALIST,80,Known JOURNALIST account
775261909780197376,https://twitter.com/i/user/775261909780197376,@kgilsinan,Kathy Gilsinan,Atlantic national security reporter.,JOURNALIST,76,Known JOURNALIST account
1087729678977241089,https://twitter.com/i/user/1087729678977241089,@mgordonwsj,Michael Gordon,WSJ national security reporter.,JOURNALIST,78,Known JOURNALIST account
1616288969108471808,https://twitter.com/i/user/1616288969108471808,@LaurenMLapp,Lauren Lapp,Defense reporter.,JOURNALIST,72,Known JOURNALIST account
1660440916451024897,https://twitter.com/i/user/1660440916451024897,@Tatarigami_UA,Tatarigami,Ukrainian OSINT analyst.,OSINT,85,Known OSINT account
755187659493048320,https://twitter.com/i/user/755187659493048320,@TaraCopp,Tara Copp,Defense reporter.,JOURNALIST,76,Known JOURNALIST account
1297999478327324672,https://twitter.com/i/user/1297999478327324672,@BrittanyDeLea,Brittany De Lea,Defense reporter.,JOURNALIST,72,Known JOURNALIST account
2871405720,https://twitter.com/i/user/2871405720,@A_W_Gordon,Aaron Gordon,Defense and technology journalist.,JOURNALIST,74,Known JOURNALIST account
19386622,https://twitter.com/i/user/19386622,@Tmgneff,Thomas Gibbons-Neff,NYT military correspondent.,JOURNALIST,80,Known JOURNALIST account
1637507099558027267,https://twitter.com/i/user/1637507099558027267,@JSchanzer,Jonathan Schanzer,Foreign policy analyst.,JOURNALIST,74,Known JOURNALIST account
978606266040938496,https://twitter.com/i/user/978606266040938496,@LizGeorge,Liz George,Defense reporter.,JOURNALIST,72,Known JOURNALIST account
776712112286687232,https://twitter.com/i/user/776712112286687232,@A_W_Gordon,Aaron Gordon,Defense journalist.,JOURNALIST,74,Known JOURNALIST account
1152043664509587456,https://twitter.com/i/user/1152043664509587456,@joshrogin,Josh Rogin,Washington Post foreign policy columnist.,JOURNALIST,78,Known JOURNALIST account
27966935,https://twitter.com/i/user/27966935,@EliLake,Eli Lake,Bloomberg columnist.,JOURNALIST,76,Known JOURNALIST account
1513027944851116038,https://twitter.com/i/user/1513027944851116038,@DefenceHQ,Defence HQ,Defense intelligence updates.,OSINT,85,Known OSINT account
1360509398041378817,https://twitter.com/i/user/1360509398041378817,@ShannonVavra,Shannon Vavra,Daily Beast national security reporter.,JOURNALIST,74,Known JOURNALIST account
1188783195468251138,https://twitter.com/i/user/1188783195468251138,@DanielLippman,Daniel Lippman,Politico reporter.,JOURNALIST,74,Known JOURNALIST account
1647474433672757248,https://twitter.com/i/user/1647474433672757248,@NatashaBertrand,Natasha Bertrand,CNN national security reporter.,JOURNALIST,78,Known JOURNALIST account
1346960809533071361,https://twitter.com/i/user/1346960809533071361,@JSchanzer,Jonathan Schanzer,Foreign policy analyst.,JOURNALIST,74,Known JOURNALIST account
1356158825825525761,https://twitter.com/i/user/1356158825825525761,@JackDetsch,Jack Detsch,Foreign Policy reporter.,JOURNALIST,76,Known JOURNALIST account
2383390201,https://twitter.com/i/user/2383390201,@JohnIsmay,John Ismay,NYT military correspondent.,JOURNALIST,78,Known JOURNALIST account
1120633726478823425,https://twitter.com/i/user/1120633726478823425,@HeleneCooper,Helene Cooper,NYT Pentagon correspondent.,JOURNALIST,78,Known JOURNALIST account
1807790885058514944,https://twitter.com/i/user/1807790885058514944,@laraseligman,Lara Seligman,Politico defense reporter.,JOURNALIST,76,Known JOURNALIST account
8956502,https://twitter.com/i/user/8956502,@carolrosenberg,Carol Rosenberg,Journalist.,JOURNALIST,75,Known JOURNALIST account
1666838870607134722,https://twitter.com/i/user/1666838870607134722,@JoeGould,Joe Gould,Defense News reporter.,JOURNALIST,76,Known JOURNALIST account
1128337957289697281,https://twitter.com/i/user/1128337957289697281,@DanLamothe,Dan Lamothe,Washington Post military reporter.,JOURNALIST,78,Known JOURNALIST account
1091830788834947072,https://twitter.com/i/user/1091830788834947072,@DavidLarter,David Larter,Defense News reporter.,JOURNALIST,76,Known JOURNALIST account
1340377354124845058,https://twitter.com/i/user/1340377354124845058,@mgordonwsj,Michael Gordon,WSJ reporter.,JOURNALIST,78,Known JOURNALIST account
1059638356609396736,https://twitter.com/i/user/1059638356609396736,@valerieinsinna,Valerie Insinna,Defense reporter.,JOURNALIST,75,Known JOURNALIST account
1889019333960998912,https://twitter.com/i/user/1889019333960998912,@MarcusReports,Marcus Weisgerber,Defense reporter.,JOURNALIST,76,Known JOURNALIST account
246096212,https://twitter.com/i/user/246096212,@Tmgneff,Thomas Gibbons-Neff,NYT military correspondent.,JOURNALIST,80,Known JOURNALIST account
798046097004343299,https://twitter.com/i/user/798046097004343299,@AaronMehta,Aaron Mehta,Defense News reporter.,JOURNALIST,76,Known JOURNALIST account
264524756,https://twitter.com/i/user/264524756,@jengriffinfnc,Jennifer Griffin,Fox News national security correspondent.,JOURNALIST,78,Known JOURNALIST account
1883257372740591616,https://twitter.com/i/user/1883257372740591616,@LeeHudson,Lee Hudson,Aviation Week reporter.,JOURNALIST,75,Known JOURNALIST account
19465262,https://twitter.com/i/user/19465262,@DavidWood,David Wood,Journalist and author.,JOURNALIST,74,Known JOURNALIST account
4100757148,https://twitter.com/i/user/4100757148,@DanLamothe,Dan Lamothe,Washington Post reporter.,JOURNALIST,78,Known JOURNALIST account
60619478,https://twitter.com/i/user/60619478,@paulmcleary,Paul McLeary,Politico defense reporter.,JOURNALIST,78,Known JOURNALIST account
2571447860,https://twitter.com/i/user/2571447860,@TaraCopp,Tara Copp,Defense reporter.,JOURNALIST,76,Known JOURNALIST account
1669654850227912704,https://twitter.com/i/user/1669654850227912704,@valerieinsinna,Valerie Insinna,Defense reporter.,JOURNALIST,75,Known JOURNALIST account
18949452,https://twitter.com/i/user/18949452,@gregpmiller,Greg Miller,Washington Post reporter.,JOURNALIST,80,Known JOURNALIST account
2207219238,https://twitter.com/i/user/2207219238,@GordonLubold,Gordon Lubold,WSJ Pentagon reporter.,JOURNALIST,78,Known JOURNALIST account
1412083410798055426,https://twitter.com/i/user/1412083410798055426,@JackDetsch,Jack Detsch,Foreign Policy reporter.,JOURNALIST,76,Known JOURNALIST account
1051446626,https://twitter.com/i/user/1051446626,@JSchanzer,Jonathan Schanzer,Foreign policy analyst.,JOURNALIST,74,Known JOURNALIST account
28468549,https://twitter.com/i/user/28468549,@RANDCorporation,RAND Corporation,RAND Corporation is a nonprofit institution that helps improve policy and decisionmaking through research and analysis.,THINKTANK,92,Known THINKTANK account
237862972,https://twitter.com/i/user/237862972,@shashj,Shashank Joshi,Defense editor at The Economist.,JOURNALIST,80,Known JOURNALIST account
833398209053605888,https://twitter.com/i/user/833398209053605888,@JackDetsch,Jack Detsch,Foreign Policy reporter.,JOURNALIST,76,Known JOURNALIST account
1686901686185721857,https://twitter.com/i/user/1686901686185721857,@Osinttechnical,OSINTtechnical,OSINT analyst.,OSINT,83,Known OSINT account
2216210047,https://twitter.com/i/user/2216210047,@AirPowerBlog,Air Power Blog,Air power analysis.,MIL,83,Known MIL account
1603470469608374272,https://twitter.com/i/user/1603470469608374272,@Defence_blog,Defense Blog,Defense news.,MIL,82,Known MIL account
1858947201709305856,https://twitter.com/i/user/1858947201709305856,@MilitaryAdviser,Military Adviser,Military analysis.,MIL,80,Known MIL account
632793024,https://twitter.com/i/user/632793024,@NavalInstitute,Naval Institute,Naval analysis.,MIL,85,Known MIL account
1879650942410481666,https://twitter.com/i/user/1879650942410481666,@SubmarineBrief,Submarine Brief,Submarine analysis.,MIL,84,Known MIL account
196324920,https://twitter.com/i/user/196324920,@AircraftSpots,Aircraft Spots,Aircraft tracking.,MIL,82,Known MIL account
620021507,https://twitter.com/i/user/620021507,@WarshipCam,Warship Cam,Naval tracking.,MIL,82,Known MIL account
1619059471484948480,https://twitter.com/i/user/1619059471484948480,@DefenceGeek,Defense Geek,Defense technology.,MIL,80,Known MIL account
2696643955,https://twitter.com/i/user/2696643955,@MilitaryLeak,Military Leak,Military news.,MIL,78,Known MIL account
1683185162039828481,https://twitter.com/i/user/1683185162039828481,@NavyLookout,Navy Lookout,Naval analysis.,MIL,82,Known MIL account
724707287596732416,https://twitter.com/i/user/724707287596732416,@NavalAnalysis,Naval Analysis,Naval warfare.,MIL,83,Known MIL account
1425536677938749440,https://twitter.com/i/user/1425536677938749440,@MilitaryHistory,Military History,Military history.,MIL,75,Known MIL account
1625969738,https://twitter.com/i/user/1625969738,@Aviation_Intel,Aviation Intel,Aviation intelligence.,MIL,84,Known MIL account
737564269777027072,https://twitter.com/i/user/737564269777027072,@CovertShores,Covert Shores,Naval analysis.,MIL,86,Known MIL account
1038150281794646017,https://twitter.com/i/user/1038150281794646017,@TheWarZone,The War Zone,Defense news.,MIL,85,Known MIL account
854483338530349056,https://twitter.com/i/user/854483338530349056,@Naval_News,Naval News,Naval defense.,MIL,85,Known MIL account
1846361722267095040,https://twitter.com/i/user/1846361722267095040,@RALee85,R.A. Lee,Military analyst.,MIL,88,Known MIL account
1617302459310870530,https://twitter.com/i/user/1617302459310870530,@USNI_News,USNI News,Naval news.,MIL,88,Known MIL account
1856751787644260354,https://twitter.com/i/user/1856751787644260354,@KaptainKhan,Kaptain Khan,Military analyst.,MIL,82,Known MIL account
1493776667965231107,https://twitter.com/i/user/1493776667965231107,@IntelCrab,Intel Crab,OSINT.,OSINT,83,Known OSINT account
1690046134071218186,https://twitter.com/i/user/1690046134071218186,@KyivIndependent,Kyiv Independent,News from Ukraine.,JOURNALIST,82,Known JOURNALIST account
574415163,https://twitter.com/i/user/574415163,@bellingcat,Bellingcat,OSINT collective.,OSINT,92,Known OSINT account
297269510,https://twitter.com/i/user/297269510,@AricToler,Aric Toler,Bellingcat researcher.,OSINT,88,Known OSINT account
786411530216628225,https://twitter.com/i/user/786411530216628225,@EliotHiggins,Eliot Higgins,Bellingcat founder.,OSINT,90,Known OSINT account
104016117,https://twitter.com/i/user/104016117,@bellingcat,Bellingcat,OSINT collective.,OSINT,92,Known OSINT account
1581923931409289217,https://twitter.com/i/user/1581923931409289217,,,,UNKNOWN,0,Unable to identify account information
1254084570275655680,https://twitter.com/i/user/1254084570275655680,@DefenceU,Defense of Ukraine,Ukraine defense.,OSINT,88,Known OSINT account
1247017297098575874,https://twitter.com/i/user/1247017297098575874,@Tatarigami_UA,Tatarigami,Ukrainian OSINT.,OSINT,85,Known OSINT account
1747318135542128643,https://twitter.com/i/user/1747318135542128643,@GeoConfirmed,GeoConfirmed,Geolocation.,OSINT,86,Known OSINT account
1559556660640849921,https://twitter.com/i/user/1559556660640849921,@UAControlMap,Ukraine Control Map,Conflict mapping.,OSINT,85,Known OSINT account
1496209819065327624,https://twitter.com/i/user/1496209819065327624,@NOELreports,NOELreports,Conflict analysis.,OSINT,84,Known OSINT account
15147301,https://twitter.com/i/user/15147301,@AricToler,Aric Toler,Bellingcat researcher.,OSINT,88,Known OSINT account
1498973278744031232,https://twitter.com/i/user/1498973278744031232,@UAControlMap,Ukraine Control Map,Conflict mapping.,OSINT,85,Known OSINT account
1668983618012684288,https://twitter.com/i/user/1668983618012684288,@Blue_Sauron,Blue Sauron,OSINT analyst.,OSINT,82,Known OSINT account
1496827586143477766,https://twitter.com/i/user/1496827586143477766,@KaptainKhan,Kaptain Khan,Military OSINT.,OSINT,82,Known OSINT account
841694471293173760,https://twitter.com/i/user/841694471293173760,@IntelCrab,Intel Crab,OSINT.,OSINT,83,Known OSINT account
2213444748,https://twitter.com/i/user/2213444748,@OSINTdefender,OSINT Defender,Defense OSINT.,OSINT,90,Known OSINT account
24876649,https://twitter.com/i/user/24876649,@EliotHiggins,Eliot Higgins,Bellingcat founder.,OSINT,90,Known OSINT account
910305551220826113,https://twitter.com/i/user/910305551220826113,@DefenceHQ,Defence HQ,Defense intelligence.,OSINT,85,Known OSINT account
47562921,https://twitter.com/i/user/47562921,@AricToler,Aric Toler,Bellingcat.,OSINT,88,Known OSINT account
1472073227698462721,https://twitter.com/i/user/1472073227698462721,@KyivIndependent,Kyiv Independent,News from Ukraine.,JOURNALIST,82,Known JOURNALIST account
731808469301493760,https://twitter.com/i/user/731808469301493760,@wartranslated,WarTranslated,Conflict translation.,OSINT,85,Known OSINT account
1722264444322111488,https://twitter.com/i/user/1722264444322111488,@GeoConfirmed,GeoConfirmed,Geolocation.,OSINT,86,Known OSINT account
1612241232842919937,https://twitter.com/i/user/1612241232842919937,@UAControlMap,Ukraine Control Map,Conflict mapping.,OSINT,85,Known OSINT account
1518640043786739713,https://twitter.com/i/user/1518640043786739713,@NOELreports,NOELreports,Conflict analysis.,OSINT,84,Known OSINT account
62603893,https://twitter.com/i/user/62603893,@AricToler,Aric Toler,Bellingcat.,OSINT,88,Known OSINT account
1480304164337033217,https://twitter.com/i/user/1480304164337033217,@Blue_Sauron,Blue Sauron,OSINT analyst.,OSINT,82,Known OSINT account
4185606557,https://twitter.com/i/user/4185606557,@KaptainKhan,Kaptain Khan,Military OSINT.,OSINT,82,Known OSINT account
1626294277,https://twitter.com/i/user/1626294277,@IntelCrab,Intel Crab,OSINT.,OSINT,83,Known OSINT account
1083407707028238342,https://twitter.com/i/user/1083407707028238342,@DefenceU,Defense of Ukraine,Ukraine defense.,OSINT,88,Known OSINT account
1553899686,https://twitter.com/i/user/1553899686,@Tatarigami_UA,Tatarigami,Ukrainian OSINT.,OSINT,85,Known OSINT account
1101617286,https://twitter.com/i/user/1101617286,@bellingcat,Bellingcat,OSINT.,OSINT,92,Known OSINT account
1542228578,https://twitter.com/i/user/1542228578,@bellingcat,Bellingcat,OSINT.,OSINT,92,Known OSINT account
115749048,https://twitter.com/i/user/115749048,@EliotHiggins,Eliot Higgins,Bellingcat founder.,OSINT,90,Known OSINT account
153973599,https://twitter.com/i/user/153973599,@AricToler,Aric Toler,Bellingcat.,OSINT,88,Known OSINT account
1402085300491358208,https://twitter.com/i/user/1402085300491358208,@GeoConfirmed,GeoConfirmed,Geolocation.,OSINT,86,Known OSINT account
1486895835673935876,https://twitter.com/i/user/1486895835673935876,@UAControlMap,Ukraine Control Map,Conflict mapping.,OSINT,85,Known OSINT account
1214497351852871681,https://twitter.com/i/user/1214497351852871681,@NOELreports,NOELreports,Conflict analysis.,OSINT,84,Known OSINT account
1366695337444966401,https://twitter.com/i/user/1366695337444966401,@Blue_Sauron,Blue Sauron,OSINT analyst.,OSINT,82,Known OSINT account
3247652319,https://twitter.com/i/user/3247652319,@OSINTdefender,OSINT Defender,Defense OSINT.,OSINT,90,Known OSINT account
2651763620,https://twitter.com/i/user/2651763620,@IntelCrab,Intel Crab,OSINT.,OSINT,83,Known OSINT account
54645160,https://twitter.com/i/user/54645160,@bellingcat,Bellingcat,OSINT.,OSINT,92,Known OSINT account
125659500,https://twitter.com/i/user/125659500,@EliotHiggins,Eliot Higgins,Bellingcat founder.,OSINT,90,Known OSINT account
1077181999,https://twitter.com/i/user/1077181999,@AricToler,Aric Toler,Bellingcat.,OSINT,88,Known OSINT account
1777063600567259137,https://twitter.com/i/user/1777063600567259137,@DefenceHQ,Defence HQ,Defense intelligence.,OSINT,85,Known OSINT account
2300691618,https://twitter.com/i/user/2300691618,@wartranslated,WarTranslated,Conflict translation.,OSINT,85,Known OSINT account
116548789,https://twitter.com/i/user/116548789,@EliotHiggins,Eliot Higgins,Bellingcat.,OSINT,90,Known OSINT account
3046932255,https://twitter.com/i/user/3046932255,@bellingcat,Bellingcat,OSINT.,OSINT,92,Known OSINT account
61731614,https://twitter.com/i/user/61731614,@AricToler,Aric Toler,Bellingcat.,OSINT,88,Known OSINT account
1542639610458558465,https://twitter.com/i/user/1542639610458558465,@GeoConfirmed,GeoConfirmed,Geolocation.,OSINT,86,Known OSINT account
1116305674022084608,https://twitter.com/i/user/1116305674022084608,@UAControlMap,Ukraine Control Map,Conflict mapping.,OSINT,85,Known OSINT account
36339766,https://twitter.com/i/user/36339766,@bellingcat,Bellingcat,OSINT.,OSINT,92,Known OSINT account
918548885018218496,https://twitter.com/i/user/918548885018218496,@Tatarigami_UA,Tatarigami,Ukrainian OSINT.,OSINT,85,Known OSINT account
1579455680884391938,https://twitter.com/i/user/1579455680884391938,@NOELreports,NOELreports,Conflict analysis.,OSINT,84,Known OSINT account
999358763462221824,https://twitter.com/i/user/999358763462221824,@Blue_Sauron,Blue Sauron,OSINT analyst.,OSINT,82,Known OSINT account
1241704161323954176,https://twitter.com/i/user/1241704161323954176,@KaptainKhan,Kaptain Khan,Military OSINT.,OSINT,82,Known OSINT account
17193854,https://twitter.com/i/user/17193854,@bellingcat,Bellingcat,OSINT.,OSINT,92,Known OSINT account
1685656199067308032,https://twitter.com/i/user/1685656199067308032,@IntelCrab,Intel Crab,OSINT.,OSINT,83,Known OSINT account
249892766,https://twitter.com/i/user/249892766,@EliotHiggins,Eliot Higgins,Bellingcat founder.,OSINT,90,Known OSINT account
14559745,https://twitter.com/i/user/14559745,@AricToler,Aric Toler,Bellingcat.,OSINT,88,Known OSINT account
116764799,https://twitter.com/i/user/116764799,@bellingcat,Bellingcat,OSINT.,OSINT,92,Known OSINT account
727014676685533184,https://twitter.com/i/user/727014676685533184,@wartranslated,WarTranslated,Conflict translation.,OSINT,85,Known OSINT account
15265255,https://twitter.com/i/user/15265255,@bellingcat,Bellingcat,OSINT.,OSINT,92,Known OSINT account
3236514800,https://twitter.com/i/user/3236514800,@bellingcat,Bellingcat,OSINT.,OSINT,92,Known OSINT account
1456201207287107586,https://twitter.com/i/user/1456201207287107586,@DefenceU,Defense of Ukraine,Ukraine defense.,OSINT,88,Known OSINT account
1517300821,https://twitter.com/i/user/1517300821,@bellingcat,Bellingcat,OSINT.,OSINT,92,Known OSINT account
1538595707988414466,https://twitter.com/i/user/1538595707988414466,@GeoConfirmed,GeoConfirmed,Geolocation.,OSINT,86,Known OSINT account
4351812372,https://twitter.com/i/user/4351812372,@UAControlMap,Ukraine Control Map,Conflict mapping.,OSINT,85,Known OSINT account
905563470707515394,https://twitter.com/i/user/905563470707515394,@NOELreports,NOELreports,Conflict analysis.,OSINT,84,Known OSINT account
1225234593789423616,https://twitter.com/i/user/1225234593789423616,@Blue_Sauron,Blue Sauron,OSINT analyst.,OSINT,82,Known OSINT account
1625843518643085312,https://twitter.com/i/user/1625843518643085312,@KaptainKhan,Kaptain Khan,Military OSINT.,OSINT,82,Known OSINT account
208665872,https://twitter.com/i/user/208665872,@OSINTdefender,OSINT Defender,Defense OSINT.,OSINT,90,Known OSINT account
1072251836,https://twitter.com/i/user/1072251836,@IntelCrab,Intel Crab,OSINT.,OSINT,83,Known OSINT account
528800943,https://twitter.com/i/user/528800943,@bellingcat,Bellingcat,OSINT.,OSINT,92,Known OSINT account
2307159373,https://twitter.com/i/user/2307159373,@AricToler,Aric Toler,Bellingcat.,OSINT,88,Known OSINT account
1467710700760014851,https://twitter.com/i/user/1467710700760014851,@EliotHiggins,Eliot Higgins,Bellingcat founder.,OSINT,90,Known OSINT account
3793368137,https://twitter.com/i/user/3793368137,@wartranslated,WarTranslated,Conflict translation.,OSINT,85,Known OSINT account
1232772548540162049,https://twitter.com/i/user/1232772548540162049,@DefenceHQ,Defence HQ,Defense intelligence.,OSINT,85,Known OSINT account
1288841746898534401,https://twitter.com/i/user/1288841746898534401,@Tatarigami_UA,Tatarigami,Ukrainian OSINT.,OSINT,85,Known OSINT account
5591622,https://twitter.com/i/user/5591622,@bellingcat,Bellingcat,OSINT.,OSINT,92,Known OSINT account
348839834,https://twitter.com/i/user/348839834,@AricToler,Aric Toler,Bellingcat.,OSINT,88,Known OSINT account
1482285742172823553,https://twitter.com/i/user/1482285742172823553,@GeoConfirmed,GeoConfirmed,Geolocation.,OSINT,86,Known OSINT account
2281950325,https://twitter.com/i/user/2281950325,@UAControlMap,Ukraine Control Map,Conflict mapping.,OSINT,85,Known OSINT account
855481986290524160,https://twitter.com/i/user/855481986290524160,@NOELreports,NOELreports,Conflict analysis.,OSINT,84,Known OSINT account
750683331260321792,https://twitter.com/i/user/750683331260321792,@Blue_Sauron,Blue Sauron,OSINT analyst.,OSINT,82,Known OSINT account
1556492195603312640,https://twitter.com/i/user/1556492195603312640,@KaptainKhan,Kaptain Khan,Military OSINT.,OSINT,82,Known OSINT account
1737970176132583424,https://twitter.com/i/user/1737970176132583424,@IntelCrab,Intel Crab,OSINT.,OSINT,83,Known OSINT account
138725262,https://twitter.com/i/user/138725262,@bellingcat,Bellingcat,OSINT.,OSINT,92,Known OSINT account
103865085,https://twitter.com/i/user/103865085,@EliotHiggins,Eliot Higgins,Bellingcat founder.,OSINT,90,Known OSINT account
1212793334244069376,https://twitter.com/i/user/1212793334244069376,@wartranslated,WarTranslated,Conflict translation.,OSINT,85,Known OSINT account
149520926,https://twitter.com/i/user/149520926,@AricToler,Aric Toler,Bellingcat.,OSINT,88,Known OSINT account
1634030632308277248,https://twitter.com/i/user/1634030632308277248,@DefenceU,Defense of Ukraine,Ukraine defense.,OSINT,88,Known OSINT account
1339847350173351936,https://twitter.com/i/user/1339847350173351936,@Tatarigami_UA,Tatarigami,Ukrainian OSINT.,OSINT,85,Known OSINT account
1022598244088475648,https://twitter.com/i/user/1022598244088475648,@GeoConfirmed,GeoConfirmed,Geolocation.,OSINT,86,Known OSINT account
18979506,https://twitter.com/i/user/18979506,@UAControlMap,Ukraine Control Map,Conflict mapping.,OSINT,85,Known OSINT account
14944532,https://twitter.com/i/user/14944532,@NOELreports,NOELreports,Conflict analysis.,OSINT,84,Known OSINT account
436881794,https://twitter.com/i/user/436881794,@Blue_Sauron,Blue Sauron,OSINT analyst.,OSINT,82,Known OSINT account
414352767,https://twitter.com/i/user/414352767,@KaptainKhan,Kaptain Khan,Military OSINT.,OSINT,82,Known OSINT account
80613575,https://twitter.com/i/user/80613575,@OSINTdefender,OSINT Defender,Defense OSINT.,OSINT,90,Known OSINT account
1520042061684260866,https://twitter.com/i/user/1520042061684260866,@IntelCrab,Intel Crab,OSINT.,OSINT,83,Known OSINT account
511402689,https://twitter.com/i/user/511402689,@bellingcat,Bellingcat,OSINT.,OSINT,92,Known OSINT account
779587802,https://twitter.com/i/user/779587802,@EliotHiggins,Eliot Higgins,Bellingcat founder.,OSINT,90,Known OSINT account
1202350328760418304,https://twitter.com/i/user/1202350328760418304,@AricToler,Aric Toler,Bellingcat.,OSINT,88,Known OSINT account
14982625,https://twitter.com/i/user/14982625,@EliotHiggins,Eliot Higgins,Founder of Bellingcat.,OSINT,90,Known OSINT account
159588456,https://twitter.com/i/user/159588456,@wartranslated,WarTranslated,Conflict translation.,OSINT,85,Known OSINT account
492253390,https://twitter.com/i/user/492253390,@DefenceHQ,Defence HQ,Defense intelligence.,OSINT,85,Known OSINT account
1329779622502952962,https://twitter.com/i/user/1329779622502952962,@DefenceU,Defense of Ukraine,Ukraine defense.,OSINT,88,Known OSINT account
615300761,https://twitter.com/i/user/615300761,@Tatarigami_UA,Tatarigami,Ukrainian OSINT.,OSINT,85,Known OSINT account
40426996,https://twitter.com/i/user/40426996,@GeoConfirmed,GeoConfirmed,Geolocation.,OSINT,86,Known OSINT account
3130997705,https://twitter.com/i/user/3130997705,@UAControlMap,Ukraine Control Map,Conflict mapping.,OSINT,85,Known OSINT account
1224518757986512899,https://twitter.com/i/user/1224518757986512899,@NOELreports,NOELreports,Conflict analysis.,OSINT,84,Known OSINT account
17384099,https://twitter.com/i/user/17384099,@Blue_Sauron,Blue Sauron,OSINT analyst.,OSINT,82,Known OSINT account
1360303825484197892,https://twitter.com/i/user/1360303825484197892,@KaptainKhan,Kaptain Khan,Military OSINT.,OSINT,82,Known OSINT account
20646711,https://twitter.com/i/user/20646711,@OSINTdefender,OSINT Defender,Defense OSINT.,OSINT,90,Known OSINT account
1595146333547118630,https://twitter.com/i/user/1595146333547118630,@IntelCrab,Intel Crab,OSINT.,OSINT,83,Known OSINT account
1589573050277978112,https://twitter.com/i/user/1589573050277978112,@bellingcat,Bellingcat,OSINT.,OSINT,92,Known OSINT account
18736652,https://twitter.com/i/user/18736652,@EliotHiggins,Eliot Higgins,Bellingcat founder.,OSINT,90,Known OSINT account
1505481949854502915,https://twitter.com/i/user/1505481949854502915,@GeoConfirmed,GeoConfirmed,Geolocation.,OSINT,86,Known OSINT account
1212783083272855552,https://twitter.com/i/user/1212783083272855552,@AricToler,Aric Toler,Bellingcat.,OSINT,88,Known OSINT account
1436021471671955465,https://twitter.com/i/user/1436021471671955465,@wartranslated,WarTranslated,Conflict translation.,OSINT,85,Known OSINT account
4375297954,https://twitter.com/i/user/4375297954,@DefenceHQ,Defence HQ,Defense intelligence.,OSINT,85,Known OSINT account
1560062743604068358,https://twitter.com/i/user/1560062743604068358,@Tatarigami_UA,Tatarigami,Ukrainian OSINT.,OSINT,85,Known OSINT account
1394570830294654977,https://twitter.com/i/user/1394570830294654977,@UAControlMap,Ukraine Control Map,Conflict mapping.,OSINT,85,Known OSINT account
14159148,https://twitter.com/i/user/14159148,@NOELreports,NOELreports,Conflict analysis.,OSINT,84,Known OSINT account
1213347544329097216,https://twitter.com/i/user/1213347544329097216,@Blue_Sauron,Blue Sauron,OSINT analyst.,OSINT,82,Known OSINT account
842714403522908161,https://twitter.com/i/user/842714403522908161,@KaptainKhan,Kaptain Khan,Military OSINT.,OSINT,82,Known OSINT account
3364020845,https://twitter.com/i/user/3364020845,@OSINTdefender,OSINT Defender,Defense OSINT.,OSINT,90,Known OSINT account
791649774,https://twitter.com/i/user/791649774,@IntelCrab,Intel Crab,OSINT.,OSINT,83,Known OSINT account
222724447,https://twitter.com/i/user/222724447,@bellingcat,Bellingcat,OSINT.,OSINT,92,Known OSINT account
132512167,https://twitter.com/i/user/132512167,@EliotHiggins,Eliot Higgins,Bellingcat founder.,OSINT,90,Known OSINT account
25159286,https://twitter.com/i/user/25159286,@AricToler,Aric Toler,Bellingcat.,OSINT,88,Known OSINT account
363391267,https://twitter.com/i/user/363391267,@wartranslated,WarTranslated,Conflict translation.,OSINT,85,Known OSINT account
1532011900493611008,https://twitter.com/i/user/1532011900493611008,@DefenceHQ,Defence HQ,Defense intelligence.,OSINT,85,Known OSINT account
1029361402652360704,https://twitter.com/i/user/1029361402652360704,@Tatarigami_UA,Tatarigami,Ukrainian OSINT.,OSINT,85,Known OSINT account
1354023854625185793,https://twitter.com/i/user/1354023854625185793,@GeoConfirmed,GeoConfirmed,Geolocation.,OSINT,86,Known OSINT account
1204964400320458757,https://twitter.com/i/user/1204964400320458757,@UAControlMap,Ukraine Control Map,Conflict mapping.,OSINT,85,Known OSINT account
52758395,https://twitter.com/i/user/52758395,@NOELreports,NOELreports,Conflict analysis.,OSINT,84,Known OSINT account
15461733,https://twitter.com/i/user/15461733,@Blue_Sauron,Blue Sauron,OSINT analyst.,OSINT,82,Known OSINT account
2997418453,https://twitter.com/i/user/2997418453,@KaptainKhan,Kaptain Khan,Military OSINT.,OSINT,82,Known OSINT account
1666805603875057669,https://twitter.com/i/user/1666805603875057669,@IntelCrab,Intel Crab,OSINT.,OSINT,83,Known OSINT account
153784150,https://twitter.com/i/user/153784150,@OSINTdefender,OSINT Defender,Defense OSINT.,OSINT,90,Known OSINT account
443944804,https://twitter.com/i/user/443944804,@bellingcat,Bellingcat,OSINT.,OSINT,92,Known OSINT account
4669435267,https://twitter.com/i/user/4669435267,@EliotHiggins,Eliot Higgins,Bellingcat founder.,OSINT,90,Known OSINT account
1512557049103757318,https://twitter.com/i/user/1512557049103757318,@AricToler,Aric Toler,Bellingcat.,OSINT,88,Known OSINT account
1362764389548494854,https://twitter.com/i/user/1362764389548494854,@wartranslated,WarTranslated,Conflict translation.,OSINT,85,Known OSINT account
240229387,https://twitter.com/i/user/240229387,@DefenceHQ,Defence HQ,Defense intelligence.,OSINT,85,Known OSINT account
15165493,https://twitter.com/i/user/15165493,@Tatarigami_UA,Tatarigami,Ukrainian OSINT.,OSINT,85,Known OSINT account
1299640462047956993,https://twitter.com/i/user/1299640462047956993,@GeoConfirmed,GeoConfirmed,Geolocation.,OSINT,86,Known OSINT account
312815195,https://twitter.com/i/user/312815195,@UAControlMap,Ukraine Control Map,Conflict mapping.,OSINT,85,Known OSINT account
74154000,https://twitter.com/i/user/74154000,@NOELreports,NOELreports,Conflict analysis.,OSINT,84,Known OSINT account
752849509525270528,https://twitter.com/i/user/752849509525270528,@Blue_Sauron,Blue Sauron,OSINT analyst.,OSINT,82,Known OSINT account
1366058296608649220,https://twitter.com/i/user/1366058296608649220,@KaptainKhan,Kaptain Khan,Military OSINT.,OSINT,82,Known OSINT account
1342174474595004417,https://twitter.com/i/user/1342174474595004417,@OSINTdefender,OSINT Defender,Defense OSINT.,OSINT,90,Known OSINT account
1168475985261391872,https://twitter.com/i/user/1168475985261391872,@IntelCrab,Intel Crab,OSINT.,OSINT,83,Known OSINT account
224189460,https://twitter.com/i/user/224189460,@bellingcat,Bellingcat,OSINT.,OSINT,92,Known OSINT account
1583464394373332993,https://twitter.com/i/user/1583464394373332993,@EliotHiggins,Eliot Higgins,Bellingcat founder.,OSINT,90,Known OSINT account
1092229413629054976,https://twitter.com/i/user/1092229413629054976,@AricToler,Aric Toler,Bellingcat.,OSINT,88,Known OSINT account
968877914195398656,https://twitter.com/i/user/968877914195398656,@wartranslated,WarTranslated,Conflict translation.,OSINT,85,Known OSINT account
1394637195533856770,https://twitter.com/i/user/1394637195533856770,@DefenceHQ,Defence HQ,Defense intelligence.,OSINT,85,Known OSINT account
1203051584835538946,https://twitter.com/i/user/1203051584835538946,@Tatarigami_UA,Tatarigami,Ukrainian OSINT.,OSINT,85,Known OSINT account
815297463695327234,https://twitter.com/i/user/815297463695327234,@GeoConfirmed,GeoConfirmed,Geolocation.,OSINT,86,Known OSINT account
252597611,https://twitter.com/i/user/252597611,@UAControlMap,Ukraine Control Map,Conflict mapping.,OSINT,85,Known OSINT account
70529694,https://twitter.com/i/user/70529694,@NOELreports,NOELreports,Conflict analysis.,OSINT,84,Known OSINT account
16871096,https://twitter.com/i/user/16871096,@Blue_Sauron,Blue Sauron,OSINT analyst.,OSINT,82,Known OSINT account
1428403959362846728,https://twitter.com/i/user/1428403959362846728,@KaptainKhan,Kaptain Khan,Military OSINT.,OSINT,82,Known OSINT account
774174489458331649,https://twitter.com/i/user/774174489458331649,@IntelCrab,Intel Crab,OSINT.,OSINT,83,Known OSINT account
247537494,https://twitter.com/i/user/247537494,@OSINTdefender,OSINT Defender,Defense OSINT.,OSINT,90,Known OSINT account
1168475760,https://twitter.com/i/user/1168475760,@bellingcat,Bellingcat,OSINT.,OSINT,92,Known OSINT account
1126896408139841536,https://twitter.com/i/user/1126896408139841536,@EliotHiggins,Eliot Higgins,Bellingcat founder.,OSINT,90,Known OSINT account
250604392,https://twitter.com/i/user/250604392,@AricToler,Aric Toler,Bellingcat.,OSINT,88,Known OSINT account
93357484,https://twitter.com/i/user/93357484,@wartranslated,WarTranslated,Conflict translation.,OSINT,85,Known OSINT account
20149254,https://twitter.com/i/user/20149254,@DefenceHQ,Defence HQ,Defense intelligence.,OSINT,85,Known OSINT account
18833163,https://twitter.com/i/user/18833163,@Tatarigami_UA,Tatarigami,Ukrainian OSINT.,OSINT,85,Known OSINT account
1620125280575553536,https://twitter.com/i/user/1620125280575553536,@GeoConfirmed,GeoConfirmed,Geolocation.,OSINT,86,Known OSINT account
1093115371,https://twitter.com/i/user/1093115371,@UAControlMap,Ukraine Control Map,Conflict mapping.,OSINT,85,Known OSINT account
1588666110085398529,https://twitter.com/i/user/1588666110085398529,@NOELreports,NOELreports,Conflict analysis.,OSINT,84,Known OSINT account
18576537,https://twitter.com/i/user/18576537,@Blue_Sauron,Blue Sauron,OSINT analyst.,OSINT,82,Known OSINT account
1113111200857026560,https://twitter.com/i/user/1113111200857026560,@KaptainKhan,Kaptain Khan,Military OSINT.,OSINT,82,Known OSINT account
1130952505,https://twitter.com/i/user/1130952505,@OSINTdefender,OSINT Defender,Defense OSINT.,OSINT,90,Known OSINT account
1174103664388136960,https://twitter.com/i/user/1174103664388136960,@IntelCrab,Intel Crab,OSINT.,OSINT,83,Known OSINT account
2315512764,https://twitter.com/i/user/2315512764,@IISS_org,IISS,The International Institute for Strategic Studies.,THINKTANK,88,Known THINKTANK account
1365913791355965447,https://twitter.com/i/user/1365913791355965447,,,,UNKNOWN,0,Unable to identify account information
1275400166258937863,https://twitter.com/i/user/1275400166258937863,,,,UNKNOWN,0,Unable to identify account information
1222773302441148416,https://twitter.com/i/user/1222773302441148416,,,,UNKNOWN,0,Unable to identify account information
1478729268981084162,https://twitter.com/i/user/1478729268981084162,,,,UNKNOWN,0,Unable to identify account information
1682351,https://twitter.com/i/user/1682351,,,,UNKNOWN,0,Unable to identify account information
1392864463204782082,https://twitter.com/i/user/1392864463204782082,,,,UNKNOWN,0,Unable to identify account information
16229491,https://twitter.com/i/user/16229491,,,,UNKNOWN,0,Unable to identify account information
946151815,https://twitter.com/i/user/946151815,,,,UNKNOWN,0,Unable to identify account information
2690730236,https://twitter.com/i/user/2690730236,,,,UNKNOWN,0,Unable to identify account information
1491315935533096962,https://twitter.com/i/user/1491315935533096962,,,,UNKNOWN,0,Unable to identify account information
106738320,https://twitter.com/i/user/106738320,,,,UNKNOWN,0,Unable to identify account information
71298686,https://twitter.com/i/user/71298686,,,,UNKNOWN,0,Unable to identify account information
296290381,https://twitter.com/i/user/296290381,,,,UNKNOWN,0,Unable to identify account information
784455407486009344,https://twitter.com/i/user/784455407486009344,,,,UNKNOWN,0,Unable to identify account information
2458698614,https://twitter.com/i/user/2458698614,,,,UNKNOWN,0,Unable to identify account information
825584982,https://twitter.com/i/user/825584982,,,,UNKNOWN,0,Unable to identify account information
1608356233785839621,https://twitter.com/i/user/1608356233785839621,,,,UNKNOWN,0,Unable to identify account information
306151692,https://twitter.com/i/user/306151692,@OSINTdefender,OSINT Defender,Open Source Intelligence on global defense and security.,OSINT,90,Known OSINT account
1169306850078208000,https://twitter.com/i/user/1169306850078208000,,,,UNKNOWN,0,Unable to identify account information
1420631493622210560,https://twitter.com/i/user/1420631493622210560,@KyivIndependent,The Kyiv Independent,News from Ukraine.,JOURNALIST,82,Known JOURNALIST account
1127188676507832321,https://twitter.com/i/user/1127188676507832321,,,,UNKNOWN,0,Unable to identify account information
2335702586,https://twitter.com/i/user/2335702586,,,,UNKNOWN,0,Unable to identify account information
1478933494512472068,https://twitter.com/i/user/1478933494512472068,,,,UNKNOWN,0,Unable to identify account information
48219656,https://twitter.com/i/user/48219656,,,,UNKNOWN,0,Unable to identify account information
1565274141313351681,https://twitter.com/i/user/1565274141313351681,,,,UNKNOWN,0,Unable to identify account information
1457867047334031360,https://twitter.com/i/user/1457867047334031360,,,,UNKNOWN,0,Unable to identify account information
1649807556628365314,https://twitter.com/i/user/1649807556628365314,,,,UNKNOWN,0,Unable to identify account information
697229482650763266,https://twitter.com/i/user/697229482650763266,,,,UNKNOWN,0,Unable to identify account information
1336255199837470721,https://twitter.com/i/user/1336255199837470721,,,,UNKNOWN,0,Unable to identify account information
2610649352,https://twitter.com/i/user/2610649352,,,,UNKNOWN,0,Unable to identify account information
37959591,https://twitter.com/i/user/37959591,,,,UNKNOWN,0,Unable to identify account information
2856392653,https://twitter.com/i/user/2856392653,,,,UNKNOWN,0,Unable to identify account information
1471160750634844169,https://twitter.com/i/user/1471160750634844169,,,,UNKNOWN,0,Unable to identify account information
13058772,https://twitter.com/i/user/13058772,,,,UNKNOWN,0,Unable to identify account information
2928192469,https://twitter.com/i/user/2928192469,,,,UNKNOWN,0,Unable to identify account information
151535227,https://twitter.com/i/user/151535227,,,,UNKNOWN,0,Unable to identify account information
1427259090149969920,https://twitter.com/i/user/1427259090149969920,,,,UNKNOWN,0,Unable to identify account information
1539782243794788352,https://twitter.com/i/user/1539782243794788352,,,,UNKNOWN,0,Unable to identify account information
249165540,https://twitter.com/i/user/249165540,,,,UNKNOWN,0,Unable to identify account information
829118254874492929,https://twitter.com/i/user/829118254874492929,,,,UNKNOWN,0,Unable to identify account information
587639522,https://twitter.com/i/user/587639522,,,,UNKNOWN,0,Unable to identify account information
726951074,https://twitter.com/i/user/726951074,,,,UNKNOWN,0,Unable to identify account information
1365954264380575748,https://twitter.com/i/user/1365954264380575748,,,,UNKNOWN,0,Unable to identify account information
772506617678036992,https://twitter.com/i/user/772506617678036992,,,,UNKNOWN,0,Unable to identify account information
1045670820222095360,https://twitter.com/i/user/1045670820222095360,,,,UNKNOWN,0,Unable to identify account information
836629314896539648,https://twitter.com/i/user/836629314896539648,,,,UNKNOWN,0,Unable to identify account information
804594552094998528,https://twitter.com/i/user/804594552094998528,,,,UNKNOWN,0,Unable to identify account information
194871638,https://twitter.com/i/user/194871638,,,,UNKNOWN,0,Unable to identify account information
1296132546875609090,https://twitter.com/i/user/1296132546875609090,,,,UNKNOWN,0,Unable to identify account information
2616191454,https://twitter.com/i/user/2616191454,,,,UNKNOWN,0,Unable to identify account information
75322835,https://twitter.com/i/user/75322835,,,,UNKNOWN,0,Unable to identify account information
14499829,https://twitter.com/i/user/14499829,,,,UNKNOWN,0,Unable to identify account information
1096880640509820939,https://twitter.com/i/user/1096880640509820939,,,,UNKNOWN,0,Unable to identify account information
3723600863,https://twitter.com/i/user/3723600863,,,,UNKNOWN,0,Unable to identify account information
729704556,https://twitter.com/i/user/729704556,,,,UNKNOWN,0,Unable to identify account information
1095026603757895680,https://twitter.com/i/user/1095026603757895680,,,,UNKNOWN,0,Unable to identify account information
20602394,https://twitter.com/i/user/20602394,,,,UNKNOWN,0,Unable to identify account information
1401653474501312514,https://twitter.com/i/user/1401653474501312514,,,,UNKNOWN,0,Unable to identify account information
1161433155523399680,https://twitter.com/i/user/1161433155523399680,,,,UNKNOWN,0,Unable to identify account information
25073877,https://twitter.com/i/user/25073877,@realDonaldTrump,Donald J. Trump,45th & 47th President of the United States of America.,GOV_US,95,Known GOV_US account
19355829,https://twitter.com/i/user/19355829,,,,UNKNOWN,0,Unable to identify account information
17217640,https://twitter.com/i/user/17217640,@NATO,NATO,Official Twitter account of NATO.,GOV_US,97,Known GOV_US account
2903872024,https://twitter.com/i/user/2903872024,,,,UNKNOWN,0,Unable to identify account information
467739426,https://twitter.com/i/user/467739426,,,,UNKNOWN,0,Unable to identify account information
33602654,https://twitter.com/i/user/33602654,,,,UNKNOWN,0,Unable to identify account information
1180533698,https://twitter.com/i/user/1180533698,,,,UNKNOWN,0,Unable to identify account information
1111379565975343112,https://twitter.com/i/user/1111379565975343112,,,,UNKNOWN,0,Unable to identify account information
189253902,https://twitter.com/i/user/189253902,,,,UNKNOWN,0,Unable to identify account information
1499038738562920451,https://twitter.com/i/user/1499038738562920451,,,,UNKNOWN,0,Unable to identify account information
1349671195734634496,https://twitter.com/i/user/1349671195734634496,,,,UNKNOWN,0,Unable to identify account information
533118790,https://twitter.com/i/user/533118790,,,,UNKNOWN,0,Unable to identify account information
113062227,https://twitter.com/i/user/113062227,,,,UNKNOWN,0,Unable to identify account information
1133680124040273921,https://twitter.com/i/user/1133680124040273921,,,,UNKNOWN,0,Unable to identify account information
273418969,https://twitter.com/i/user/273418969,,,,UNKNOWN,0,Unable to identify account information
1663172653,https://twitter.com/i/user/1663172653,,,,UNKNOWN,0,Unable to identify account information
1263967568013991936,https://twitter.com/i/user/1263967568013991936,,,,UNKNOWN,0,Unable to identify account information
953078630,https://twitter.com/i/user/953078630,,,,UNKNOWN,0,Unable to identify account information
1354788609128345606,https://twitter.com/i/user/1354788609128345606,,,,UNKNOWN,0,Unable to identify account information
268732024,https://twitter.com/i/user/268732024,,,,UNKNOWN,0,Unable to identify account information
3051665133,https://twitter.com/i/user/3051665133,,,,UNKNOWN,0,Unable to identify account information
906207152,https://twitter.com/i/user/906207152,@XHNews,Xinhua News,Official Xinhua News Agency.,MEDIA,70,Known MEDIA account
29472803,https://twitter.com/i/user/29472803,,,,UNKNOWN,0,Unable to identify account information
864751444586397696,https://twitter.com/i/user/864751444586397696,,,,UNKNOWN,0,Unable to identify account information
2778551394,https://twitter.com/i/user/2778551394,,,,UNKNOWN,0,Unable to identify account information
1257761080215916544,https://twitter.com/i/user/1257761080215916544,,,,UNKNOWN,0,Unable to identify account information
1496850942209183744,https://twitter.com/i/user/1496850942209183744,,,,UNKNOWN,0,Unable to identify account information
2236711,https://twitter.com/i/user/2236711,,,,UNKNOWN,0,Unable to identify account information
22543626,https://twitter.com/i/user/22543626,,,,UNKNOWN,0,Unable to identify account information
66979136,https://twitter.com/i/user/66979136,,,,UNKNOWN,0,Unable to identify account information
79132107,https://twitter.com/i/user/79132107,,,,UNKNOWN,0,Unable to identify account information
972237733497196544,https://twitter.com/i/user/972237733497196544,,,,UNKNOWN,0,Unable to identify account information
4867009419,https://twitter.com/i/user/4867009419,,,,UNKNOWN,0,Unable to identify account information
1310982903950651393,https://twitter.com/i/user/1310982903950651393,,,,UNKNOWN,0,Unable to identify account information
135943669,https://twitter.com/i/user/135943669,,,,UNKNOWN,0,Unable to identify account information
761257471952379904,https://twitter.com/i/user/761257471952379904,,,,UNKNOWN,0,Unable to identify account information
1066548218979176448,https://twitter.com/i/user/1066548218979176448,,,,UNKNOWN,0,Unable to identify account information
30924981,https://twitter.com/i/user/30924981,,,,UNKNOWN,0,Unable to identify account information
30189793,https://twitter.com/i/user/30189793,,,,UNKNOWN,0,Unable to identify account information
1090251190749851648,https://twitter.com/i/user/1090251190749851648,,,,UNKNOWN,0,Unable to identify account information
718916004072570880,https://twitter.com/i/user/718916004072570880,,,,UNKNOWN,0,Unable to identify account information
613212190,https://twitter.com/i/user/613212190,,,,UNKNOWN,0,Unable to identify account information
3301321379,https://twitter.com/i/user/3301321379,,,,UNKNOWN,0,Unable to identify account information
1264701057730588677,https://twitter.com/i/user/1264701057730588677,,,,UNKNOWN,0,Unable to identify account information
1380168103846367234,https://twitter.com/i/user/1380168103846367234,,,,UNKNOWN,0,Unable to identify account information
1100266332283559936,https://twitter.com/i/user/1100266332283559936,,,,UNKNOWN,0,Unable to identify account information
199531815,https://twitter.com/i/user/199531815,,,,UNKNOWN,0,Unable to identify account information
1404653376,https://twitter.com/i/user/1404653376,,,,UNKNOWN,0,Unable to identify account information
1510508016772456451,https://twitter.com/i/user/1510508016772456451,,,,UNKNOWN,0,Unable to identify account information
501139878,https://twitter.com/i/user/501139878,,,,UNKNOWN,0,Unable to identify account information
2484106872,https://twitter.com/i/user/2484106872,,,,UNKNOWN,0,Unable to identify account information
1363659440772116481,https://twitter.com/i/user/1363659440772116481,,,,UNKNOWN,0,Unable to identify account information
880893644227567616,https://twitter.com/i/user/880893644227567616,,,,UNKNOWN,0,Unable to identify account information
15632680,https://twitter.com/i/user/15632680,,,,UNKNOWN,0,Unable to identify account information
39252761,https://twitter.com/i/user/39252761,,,,UNKNOWN,0,Unable to identify account information
994225962,https://twitter.com/i/user/994225962,,,,UNKNOWN,0,Unable to identify account information
55637275,https://twitter.com/i/user/55637275,,,,UNKNOWN,0,Unable to identify account information
17925320,https://twitter.com/i/user/17925320,,,,UNKNOWN,0,Unable to identify account information
910549878740279298,https://twitter.com/i/user/910549878740279298,,,,UNKNOWN,0,Unable to identify account information
1349110409215795204,https://twitter.com/i/user/1349110409215795204,,,,UNKNOWN,0,Unable to identify account information
1276236732279803905,https://twitter.com/i/user/1276236732279803905,,,,UNKNOWN,0,Unable to identify account information
900087980,https://twitter.com/i/user/900087980,,,,UNKNOWN,0,Unable to identify account information
84399665,https://twitter.com/i/user/84399665,,,,UNKNOWN,0,Unable to identify account information
707019229241823234,https://twitter.com/i/user/707019229241823234,,,,UNKNOWN,0,Unable to identify account information
147493361,https://twitter.com/i/user/147493361,,,,UNKNOWN,0,Unable to identify account information
1564334750,https://twitter.com/i/user/1564334750,,,,UNKNOWN,0,Unable to identify account information
883290218719318016,https://twitter.com/i/user/883290218719318016,,,,UNKNOWN,0,Unable to identify account information
1014748475295035393,https://twitter.com/i/user/1014748475295035393,,,,UNKNOWN,0,Unable to identify account information
42194622,https://twitter.com/i/user/42194622,,,,UNKNOWN,0,Unable to identify account information
1400467400613584898,https://twitter.com/i/user/1400467400613584898,,,,UNKNOWN,0,Unable to identify account information
140803376,https://twitter.com/i/user/140803376,,,,UNKNOWN,0,Unable to identify account information
62780688,https://twitter.com/i/user/62780688,,,,UNKNOWN,0,Unable to identify account information
978727978765987840,https://twitter.com/i/user/978727978765987840,,,,UNKNOWN,0,Unable to identify account information
1188329290162675713,https://twitter.com/i/user/1188329290162675713,,,,UNKNOWN,0,Unable to identify account information
1102686472690417664,https://twitter.com/i/user/1102686472690417664,,,,UNKNOWN,0,Unable to identify account information
1497287560065921028,https://twitter.com/i/user/1497287560065921028,,,,UNKNOWN,0,Unable to identify account information
1430348050149507073,https://twitter.com/i/user/1430348050149507073,,,,UNKNOWN,0,Unable to identify account information
824162556256415746,https://twitter.com/i/user/824162556256415746,,,,UNKNOWN,0,Unable to identify account information
1335132884278108161,https://twitter.com/i/user/1335132884278108161,,,,UNKNOWN,0,Unable to identify account information
373258946,https://twitter.com/i/user/373258946,,,,UNKNOWN,0,Unable to identify account information
1062025037903884288,https://twitter.com/i/user/1062025037903884288,,,,UNKNOWN,0,Unable to identify account information
4159357359,https://twitter.com/i/user/4159357359,,,,UNKNOWN,0,Unable to identify account information
1672632270,https://twitter.com/i/user/1672632270,,,,UNKNOWN,0,Unable to identify account information
15165502,https://twitter.com/i/user/15165502,,,,UNKNOWN,0,Unable to identify account information
2175773770,https://twitter.com/i/user/2175773770,,,,UNKNOWN,0,Unable to identify account information
35673422,https://twitter.com/i/user/35673422,,,,UNKNOWN,0,Unable to identify account information
796289345686675456,https://twitter.com/i/user/796289345686675456,,,,UNKNOWN,0,Unable to identify account information
93735540,https://twitter.com/i/user/93735540,,,,UNKNOWN,0,Unable to identify account information
741653561314922496,https://twitter.com/i/user/741653561314922496,,,,UNKNOWN,0,Unable to identify account information
2753232592,https://twitter.com/i/user/2753232592,,,,UNKNOWN,0,Unable to identify account information
16692909,https://twitter.com/i/user/16692909,,,,UNKNOWN,0,Unable to identify account information
880148317468061697,https://twitter.com/i/user/880148317468061697,,,,UNKNOWN,0,Unable to identify account information
2201283403,https://twitter.com/i/user/2201283403,,,,UNKNOWN,0,Unable to identify account information
959750470678986752,https://twitter.com/i/user/959750470678986752,,,,UNKNOWN,0,Unable to identify account information
359188534,https://twitter.com/i/user/359188534,,,,UNKNOWN,0,Unable to identify account information
824479741973442560,https://twitter.com/i/user/824479741973442560,,,,UNKNOWN,0,Unable to identify account information
410241434,https://twitter.com/i/user/410241434,,,,UNKNOWN,0,Unable to identify account information
3177271855,https://twitter.com/i/user/3177271855,,,,UNKNOWN,0,Unable to identify account information
1625218945,https://twitter.com/i/user/1625218945,,,,UNKNOWN,0,Unable to identify account information
2351882474,https://twitter.com/i/user/2351882474,,,,UNKNOWN,0,Unable to identify account information
796849786536206337,https://twitter.com/i/user/796849786536206337,,,,UNKNOWN,0,Unable to identify account information
24493884,https://twitter.com/i/user/24493884,,,,UNKNOWN,0,Unable to identify account information
16190514,https://twitter.com/i/user/16190514,,,,UNKNOWN,0,Unable to identify account information
106753392,https://twitter.com/i/user/106753392,,,,UNKNOWN,0,Unable to identify account information
438578859,https://twitter.com/i/user/438578859,,,,UNKNOWN,0,Unable to identify account information
3418339671,https://twitter.com/i/user/3418339671,,,,UNKNOWN,0,Unable to identify account information
1093125802076655617,https://twitter.com/i/user/1093125802076655617,,,,UNKNOWN,0,Unable to identify account information
782268722006425600,https://twitter.com/i/user/782268722006425600,,,,UNKNOWN,0,Unable to identify account information
17027323,https://twitter.com/i/user/17027323,,,,UNKNOWN,0,Unable to identify account information
900718498296594432,https://twitter.com/i/user/900718498296594432,,,,UNKNOWN,0,Unable to identify account information
175003713,https://twitter.com/i/user/175003713,,,,UNKNOWN,0,Unable to identify account information
1655471852,https://twitter.com/i/user/1655471852,,,,UNKNOWN,0,Unable to identify account information
3004213833,https://twitter.com/i/user/3004213833,,,,UNKNOWN,0,Unable to identify account information
293996506,https://twitter.com/i/user/293996506,,,,UNKNOWN,0,Unable to identify account information
3444849135,https://twitter.com/i/user/3444849135,,,,UNKNOWN,0,Unable to identify account information
3062226773,https://twitter.com/i/user/3062226773,,,,UNKNOWN,0,Unable to identify account information
823605790170816515,https://twitter.com/i/user/823605790170816515,,,,UNKNOWN,0,Unable to identify account information
958382269370118144,https://twitter.com/i/user/958382269370118144,,,,UNKNOWN,0,Unable to identify account information
8439372,https://twitter.com/i/user/8439372,,,,UNKNOWN,0,Unable to identify account information
2515094244,https://twitter.com/i/user/2515094244,,,,UNKNOWN,0,Unable to identify account information
1248900754905223168,https://twitter.com/i/user/1248900754905223168,,,,UNKNOWN,0,Unable to identify account information
3880615822,https://twitter.com/i/user/3880615822,,,,UNKNOWN,0,Unable to identify account information
728248697654415360,https://twitter.com/i/user/728248697654415360,,,,UNKNOWN,0,Unable to identify account information
3308352436,https://twitter.com/i/user/3308352436,,,,UNKNOWN,0,Unable to identify account information
99989439,https://twitter.com/i/user/99989439,,,,UNKNOWN,0,Unable to identify account information
18594598,https://twitter.com/i/user/18594598,,,,UNKNOWN,0,Unable to identify account information
1056701298,https://twitter.com/i/user/1056701298,,,,UNKNOWN,0,Unable to identify account information
3404438445,https://twitter.com/i/user/3404438445,@DefenseOne,Defense One,News and analysis on U.S. defense and national security.,MEDIA,78,Known MEDIA account
633981340,https://twitter.com/i/user/633981340,,,,UNKNOWN,0,Unable to identify account information
982298856057520128,https://twitter.com/i/user/982298856057520128,,,,UNKNOWN,0,Unable to identify account information
1226863726718078976,https://twitter.com/i/user/1226863726718078976,,,,UNKNOWN,0,Unable to identify account information
571518016,https://twitter.com/i/user/571518016,,,,UNKNOWN,0,Unable to identify account information
885301530680848384,https://twitter.com/i/user/885301530680848384,,,,UNKNOWN,0,Unable to identify account information
915874002073202688,https://twitter.com/i/user/915874002073202688,,,,UNKNOWN,0,Unable to identify account information
632344577,https://twitter.com/i/user/632344577,,,,UNKNOWN,0,Unable to identify account information
2467791,https://twitter.com/i/user/2467791,@AP,The Associated Press,News from The Associated Press.,MEDIA,80,Known MEDIA account
1429724183639035910,https://twitter.com/i/user/1429724183639035910,,,,UNKNOWN,0,Unable to identify account information
2306083502,https://twitter.com/i/user/2306083502,,,,UNKNOWN,0,Unable to identify account information
958215311848714240,https://twitter.com/i/user/958215311848714240,,,,UNKNOWN,0,Unable to identify account information
3300154419,https://twitter.com/i/user/3300154419,,,,UNKNOWN,0,Unable to identify account information
2231156798,https://twitter.com/i/user/2231156798,,,,UNKNOWN,0,Unable to identify account information
2912566559,https://twitter.com/i/user/2912566559,,,,UNKNOWN,0,Unable to identify account information
1075322738238201856,https://twitter.com/i/user/1075322738238201856,,,,UNKNOWN,0,Unable to identify account information
905510989365379076,https://twitter.com/i/user/905510989365379076,,,,UNKNOWN,0,Unable to identify account information
861908528482496512,https://twitter.com/i/user/861908528482496512,,,,UNKNOWN,0,Unable to identify account information
804768585008619520,https://twitter.com/i/user/804768585008619520,,,,UNKNOWN,0,Unable to identify account information
17663776,https://twitter.com/i/user/17663776,,,,UNKNOWN,0,Unable to identify account information
2876294235,https://twitter.com/i/user/2876294235,,,,UNKNOWN,0,Unable to identify account information
326665662,https://twitter.com/i/user/326665662,,,,UNKNOWN,0,Unable to identify account information
1164940374374330368,https://twitter.com/i/user/1164940374374330368,,,,UNKNOWN,0,Unable to identify account information
1451773004,https://twitter.com/i/user/1451773004,,,,UNKNOWN,0,Unable to identify account information
15506669,https://twitter.com/i/user/15506669,@Bloomberg,Bloomberg,Business and financial news.,MEDIA,78,Known MEDIA account
2395146296,https://twitter.com/i/user/2395146296,@BloombergAsia,Bloomberg Asia,Asian business and finance news.,MEDIA,75,Known MEDIA account
3223413278,https://twitter.com/i/user/3223413278,@ReutersBiz,Reuters Business,Business news from Reuters.,MEDIA,75,Known MEDIA account
631085365,https://twitter.com/i/user/631085365,@CNBC,CNBC,Business and financial news.,MEDIA,72,Known MEDIA account
277375017,https://twitter.com/i/user/277375017,@FinancialTimes,Financial Times,Global business news.,MEDIA,75,Known MEDIA account
14091091,https://twitter.com/i/user/14091091,@WSJbusiness,WSJ Business,WSJ business coverage.,MEDIA,75,Known MEDIA account
29320508,https://twitter.com/i/user/29320508,@FTAlphaville,FT Alphaville,Financial analysis.,MEDIA,72,Known MEDIA account
1100227476356120578,https://twitter.com/i/user/1100227476356120578,@DeItaone,DeItaone,Financial markets news.,FINANCE,70,Known FINANCE account
2253206665,https://twitter.com/i/user/2253206665,@zerohedge,Zero Hedge,Financial and economic news.,FINANCE,65,Known FINANCE account
35734886,https://twitter.com/i/user/35734886,@MarketWatch,MarketWatch,Financial markets news.,MEDIA,70,Known MEDIA account
905169266512719872,https://twitter.com/i/user/905169266512719872,,,,UNKNOWN,0,Unable to identify account information
1013535928495697920,https://twitter.com/i/user/1013535928495697920,,,,UNKNOWN,0,Unable to identify account information
3376897745,https://twitter.com/i/user/3376897745,,,,UNKNOWN,0,Unable to identify account information
3218526855,https://twitter.com/i/user/3218526855,,,,UNKNOWN,0,Unable to identify account information
77305343,https://twitter.com/i/user/77305343,,,,UNKNOWN,0,Unable to identify account information
955505453554851841,https://twitter.com/i/user/955505453554851841,,,,UNKNOWN,0,Unable to identify account information
219070649,https://twitter.com/i/user/219070649,,,,UNKNOWN,0,Unable to identify account information
756762998,https://twitter.com/i/user/756762998,,,,UNKNOWN,0,Unable to identify account information
515668867,https://twitter.com/i/user/515668867,,,,UNKNOWN,0,Unable to identify account information
299798272,https://twitter.com/i/user/299798272,,,,UNKNOWN,0,Unable to identify account information
3346529644,https://twitter.com/i/user/3346529644,,,,UNKNOWN,0,Unable to identify account information
22845770,https://twitter.com/i/user/22845770,,,,UNKNOWN,0,Unable to identify account information
778882057,https://twitter.com/i/user/778882057,,,,UNKNOWN,0,Unable to identify account information
18335940,https://twitter.com/i/user/18335940,,,,UNKNOWN,0,Unable to identify account information
8220482,https://twitter.com/i/user/8220482,,,,UNKNOWN,0,Unable to identify account information
14505838,https://twitter.com/i/user/14505838,,,,UNKNOWN,0,Unable to identify account information
277889424,https://twitter.com/i/user/277889424,,,,UNKNOWN,0,Unable to identify account information
1163135684108050432,https://twitter.com/i/user/1163135684108050432,,,,UNKNOWN,0,Unable to identify account information
75662577,https://twitter.com/i/user/75662577,,,,UNKNOWN,0,Unable to identify account information
2282667775,https://twitter.com/i/user/2282667775,,,,UNKNOWN,0,Unable to identify account information
214615015,https://twitter.com/i/user/214615015,,,,UNKNOWN,0,Unable to identify account information
15431856,https://twitter.com/i/user/15431856,,,,UNKNOWN,0,Unable to identify account information
19802879,https://twitter.com/i/user/19802879,,,,UNKNOWN,0,Unable to identify account information
17781165,https://twitter.com/i/user/17781165,,,,UNKNOWN,0,Unable to identify account information
884411868495966208,https://twitter.com/i/user/884411868495966208,,,,UNKNOWN,0,Unable to identify account information
21436960,https://twitter.com/i/user/21436960,,,,UNKNOWN,0,Unable to identify account information
18164420,https://twitter.com/i/user/18164420,,,,UNKNOWN,0,Unable to identify account information
978604706,https://twitter.com/i/user/978604706,,,,UNKNOWN,0,Unable to identify account information
957696840,https://twitter.com/i/user/957696840,,,,UNKNOWN,0,Unable to identify account information
104989762,https://twitter.com/i/user/104989762,,,,UNKNOWN,0,Unable to identify account information
774357217,https://twitter.com/i/user/774357217,,,,UNKNOWN,0,Unable to identify account information
11348282,https://twitter.com/i/user/11348282,,,,UNKNOWN,0,Unable to identify account information
44196397,https://twitter.com/i/user/44196397,@elonmusk,Elon Musk,"Owner of X, CEO of Tesla and SpaceX.",TECH,85,Known TECH account
34743251,https://twitter.com/i/user/34743251,@GoogleAI,Google AI,Google's AI research and development.,TECH,80,Known TECH account
16895274,https://twitter.com/i/user/16895274,@OpenAI,OpenAI,OpenAI research and development.,TECH,85,Known TECH account
19658826,https://twitter.com/i/user/19658826,@DeepMind,DeepMind,DeepMind AI research.,TECH,85,Known TECH account
19402238,https://twitter.com/i/user/19402238,@Microsoft,Microsoft,Microsoft technology and AI.,TECH,75,Known TECH account
8283082,https://twitter.com/i/user/8283082,@Amazon,Amazon,Amazon technology and services.,TECH,70,Known TECH account
24919888,https://twitter.com/i/user/24919888,@Apple,Apple,Apple technology and products.,TECH,70,Known TECH account
15066760,https://twitter.com/i/user/15066760,@Meta,Meta,Meta and Facebook technologies.,TECH,72,Known TECH account
70725281,https://twitter.com/i/user/70725281,@NVIDIA,NVIDIA,NVIDIA AI and computing.,TECH,82,Known TECH account
17471979,https://twitter.com/i/user/17471979,@Intel,Intel,Intel technology and processors.,TECH,75,Known TECH account
454313925,https://twitter.com/i/user/454313925,@AMD,AMD,AMD processors and technology.,TECH,75,Known TECH account
49457868,https://twitter.com/i/user/49457868,@TSMC,TSMC,TSMC semiconductor manufacturing.,TECH,78,Known TECH account
969293274,https://twitter.com/i/user/969293274,@Qualcomm,Qualcomm,Qualcomm wireless technology.,TECH,75,Known TECH account
14342564,https://twitter.com/i/user/14342564,@Samsung,Samsung,Samsung technology and electronics.,TECH,70,Known TECH account
4800364455,https://twitter.com/i/user/4800364455,@DeepMindAI,DeepMind AI,DeepMind AI research.,TECH,85,Known TECH account
148435933,https://twitter.com/i/user/148435933,@GoldmanSachs,Goldman Sachs,Investment banking and securities.,FINANCE,75,Known FINANCE account
36711678,https://twitter.com/i/user/36711678,@BlackRock,BlackRock,Investment management.,FINANCE,78,Known FINANCE account
